City_ID,City,Lat,Lng,Max Temp,Humidity,Cloudiness,Wind Speed,Country,Date
0,hermanus,-34.4187,19.2345,13.79,53,29,9.09,ZA,1698532297
1,ushuaia,-54.8,-68.3,5.81,65,40,6.69,AR,1698532292
2,lorengau,-2.0226,147.2712,28.01,82,97,4.6,PG,1698532298
3,mandalgovi,45.7625,106.2708,-0.79,62,82,6.24,MN,1698532298
4,leninskoye,41.7589,69.3864,17.02,45,75,2.47,KZ,1698532299
5,west island,-12.1568,96.8225,25.99,73,100,8.75,CC,1698532299
6,mil'kovo,55.6078,37.7956,0.75,98,100,4.89,RU,1698532299
7,itoman,26.1247,127.6694,22.01,67,20,4.12,JP,1698532299
8,badger,64.8,-147.5333,-2.88,88,20,0.0,US,1698532299
9,port-aux-francais,-49.35,70.2167,4.61,97,100,9.78,TF,1698532300
10,mozarlandia,-14.7447,-50.5706,30.99,41,99,4.17,BR,1698532300
11,ilulissat,69.2167,-51.1,-3.99,68,86,4.12,GL,1698532300
12,sinop,41.7711,34.8709,15.82,66,4,2.24,TR,1698532301
13,san luis de la loma,17.2706,-100.8939,27.97,82,100,2.07,MX,1698532301
14,margaret river,-33.95,115.0667,15.27,83,100,4.34,AU,1698532301
15,adamstown,-25.066,-130.1015,22.89,81,100,6.95,PN,1698532301
16,chandla,25.0833,80.2,20.17,43,60,1.7,IN,1698532302
17,dhidhdhoo,6.8833,73.1,27.78,76,93,1.46,MV,1698532302
18,invercargill,-46.4,168.35,12.79,68,71,0.89,NZ,1698532302
19,waitangi,-43.9535,-176.5597,10.48,79,27,9.24,NZ,1698532303
20,grytviken,-54.2811,-36.5092,2.32,94,93,4.71,GS,1698532303
21,ocean city,39.2776,-74.5746,24.14,70,0,3.2,US,1698532303
22,bargaal,11.2864,51.0773,25.5,81,100,2.25,SO,1698532304
23,olonkinbyen,70.9221,-8.7187,-0.53,71,99,2.6,SJ,1698532304
24,yellowknife,62.456,-114.3525,0.31,83,75,7.2,CA,1698532304
25,malpe,13.35,74.7167,26.61,88,16,1.71,IN,1698532304
26,bredasdorp,-34.5322,20.0403,12.92,51,89,5.93,ZA,1698532305
27,lihue,21.9789,-159.3672,28.58,64,0,3.6,US,1698532305
28,tobelo,1.7284,128.0095,27.35,74,47,1.05,ID,1698532305
29,whitehorse,60.7161,-135.0538,-4.57,93,100,4.12,CA,1698532306
30,avarua,-21.2078,-159.775,25.03,61,75,5.66,CK,1698532306
31,cabo san lucas,22.8909,-109.9124,29.78,57,0,8.75,MX,1698532228
32,gobabis,-22.45,18.9667,17.89,23,0,3.54,NA,1698532306
33,papatowai,-46.5619,169.4708,12.58,56,56,1.85,NZ,1698532307
34,kone,-21.0595,164.8658,23.75,60,91,4.32,NC,1698532307
35,al hada,21.3675,40.2869,14.66,60,95,2.13,SA,1698532307
36,aasiaat,68.7098,-52.8699,-10.59,94,80,3.55,GL,1698532308
37,senj,44.9894,14.9058,17.86,80,38,4.88,HR,1698532308
38,port lincoln,-34.7333,135.8667,13.64,59,16,3.66,AU,1698532308
39,enewetak,11.3474,162.3373,28.7,74,77,5.22,MH,1698532309
40,georgetown,5.4112,100.3354,26.64,95,20,2.06,MY,1698532191
41,cuajinicuilapa,16.4667,-98.4167,27.79,79,100,2.54,MX,1698532309
42,klyuchi,52.2667,79.1667,-1.1,51,100,4.81,RU,1698532310
43,walvis bay,-22.9575,14.5053,13.53,82,28,5.66,NA,1698532310
44,puerto natales,-51.7236,-72.4875,3.62,86,100,2.87,CL,1698532071
45,tamanrasset,22.785,5.5228,24.95,15,75,2.06,DZ,1698532310
46,ardestan,33.3761,52.3694,17.89,32,48,1.04,IR,1698532310
47,qaqortoq,60.7167,-46.0333,0.32,83,48,0.43,GL,1698532157
48,dryden,49.7833,-92.7503,-2.84,86,100,5.66,CA,1698532311
49,thompson,55.7435,-97.8558,-3.91,86,75,1.54,CA,1698532311
50,tiksi,71.6872,128.8694,-10.29,86,100,5.64,RU,1698532311
51,ancud,-41.8697,-73.8203,7.58,79,80,11.24,CL,1698532307
52,gori,41.9842,44.1158,15.62,53,100,2.31,GE,1698532312
53,fort st. john,56.2499,-120.8529,0.94,55,20,2.57,CA,1698532296
54,isafjordur,66.0755,-23.124,2.18,86,99,2.53,IS,1698532312
55,blackmans bay,-43.0167,147.3167,13.74,60,97,0.89,AU,1698532312
56,tottori,35.5,134.2333,16.04,55,75,6.69,JP,1698532047
57,berezovyy,51.6667,135.7,-0.23,57,95,0.38,RU,1698532313
58,alice springs,-23.7,133.8833,17.75,12,59,0.0,AU,1698532313
59,atafu village,-8.5421,-172.5159,28.57,73,24,4.12,TK,1698532313
60,rio grande,-32.035,-52.0986,23.06,95,91,3.09,BR,1698532313
61,sungailiat,-1.85,106.1333,26.86,79,91,3.41,ID,1698532314
62,myshkin,57.7897,38.4545,-2.17,95,100,2.34,RU,1698532314
63,arraial do cabo,-22.9661,-42.0278,24.92,88,75,7.2,BR,1698532314
64,luderitz,-26.6481,15.1594,16.36,60,0,9.19,NA,1698532314
65,t'aebaek,37.1759,128.9889,6.79,85,1,0.25,KR,1698532314
66,mouila,-1.8685,11.0559,23.91,89,51,0.84,GA,1698532315
67,saldanha,-33.0117,17.9442,13.03,65,0,8.79,ZA,1698532315
68,tomatlan,19.9333,-105.25,28.11,77,89,3.5,MX,1698532315
69,nar'yan-mar,67.6713,53.087,-12.16,90,100,3.58,RU,1698532315
70,kill devil hills,36.0307,-75.676,23.32,71,0,1.54,US,1698532316
71,vila franca do campo,37.7167,-25.4333,17.71,99,100,5.62,PT,1698532316
72,kaa-khem,51.6833,94.7333,-7.0,45,0,1.6,RU,1698532316
73,khorugh,37.4897,71.553,9.68,40,99,0.58,TJ,1698532316
74,hawaiian paradise park,19.5933,-154.9731,28.73,70,0,4.12,US,1698532044
75,saudarkrokur,65.7461,-19.6394,-0.67,82,91,3.38,IS,1698532317
76,forster,-32.1667,152.5167,19.6,61,34,3.01,AU,1698532317
77,puerto ayora,-0.7393,-90.3518,27.98,89,72,4.02,EC,1698532317
78,aykhal,66.0,111.5,-18.51,100,94,4.07,RU,1698532317
79,ribeira grande,38.5167,-28.7,17.1,71,100,2.24,PT,1698532318
80,iqaluit,63.7506,-68.5145,-14.15,77,0,4.63,CA,1698532213
81,revda,56.801,59.9303,-4.54,94,100,4.93,RU,1698532318
82,suva,-18.1416,178.4415,26.71,74,75,5.66,FJ,1698532318
83,akrehamn,59.2667,5.1833,6.34,60,100,2.06,NO,1698532318
84,pangody,65.85,74.4859,-9.18,96,96,2.32,RU,1698532319
85,chipata,-13.6333,32.65,22.54,52,5,1.97,ZM,1698532319
86,saskatoon,52.1168,-106.6345,-0.47,83,100,3.6,CA,1698532064
87,port mathurin,-19.6833,63.4167,24.21,79,12,3.83,MU,1698532319
88,keflavik,64.0049,-22.5624,4.24,70,0,2.06,IS,1698532320
89,fort bragg,35.139,-79.006,27.85,59,0,2.57,US,1698532320
90,ikryanoye,46.0932,47.7308,15.99,68,76,5.47,RU,1698532320
91,karsun,54.1994,46.9827,2.98,100,100,2.55,RU,1698532320
92,bethel,41.3712,-73.414,24.2,57,0,2.06,US,1698532321
93,punta arenas,-53.15,-70.9167,5.06,65,0,2.57,CL,1698532298
94,ndele,8.4109,20.6473,22.1,88,57,1.49,CF,1698532321
95,bikenibeu village,1.3673,173.1241,30.98,74,40,3.09,KI,1698532321
96,mammoth lakes,37.6485,-118.9721,7.4,28,0,5.66,US,1698532321
97,port alfred,-33.5906,26.891,12.32,69,78,1.79,ZA,1698532322
98,palikir - national government center,6.9248,158.1611,24.41,88,100,1.54,FM,1698532322
99,longyearbyen,78.2186,15.6401,-3.09,86,75,3.09,SJ,1698532323
100,talnakh,69.4865,88.3972,-14.33,96,45,0.98,RU,1698532323
101,altai,46.3722,96.2583,-2.43,41,27,1.52,MN,1698532323
102,magistral'nyy,56.1725,107.4458,-5.35,67,21,2.0,RU,1698532324
103,nemuro,43.3236,145.575,12.46,76,97,3.8,JP,1698532324
104,noumea,-22.2763,166.4572,24.99,68,68,5.24,NC,1698532324
105,manokwari,-0.8667,134.0833,27.2,74,100,1.01,ID,1698532324
106,eldorado,-23.7869,-54.2836,26.16,67,100,2.31,BR,1698532325
107,chonchi,-42.6128,-73.8092,7.56,89,87,5.64,CL,1698532325
108,okhotsk,59.3833,143.3,-4.22,83,99,5.52,RU,1698532083
109,bilibino,68.0546,166.4372,-20.89,96,25,1.08,RU,1698532326
110,tolanaro,-25.0319,46.9987,22.45,93,13,4.91,MG,1698532326
111,sao jose da coroa grande,-8.8978,-35.1478,25.67,71,98,5.46,BR,1698532327
112,fisterra,42.9049,-9.2629,16.53,77,100,12.66,ES,1698532328
113,stalpeni,45.05,24.9667,11.75,64,28,1.72,RO,1698532328
114,hamilton,39.1834,-84.5333,13.35,89,100,4.12,US,1698532190
115,rongelap,11.1635,166.8941,28.45,77,22,6.88,MH,1698532329
116,nagireddipalli,14.2667,79.1,23.45,94,30,1.14,IN,1698532329
117,ghat,24.9647,10.1728,26.6,20,22,1.55,LY,1698532330
118,st. john's,47.5649,-52.7093,12.76,93,100,8.23,CA,1698532211
119,ta`u,-14.2336,-169.5144,26.68,82,33,6.52,AS,1698532330
120,kolondieba,11.0882,-6.8926,26.31,58,51,1.83,ML,1698532331
121,isangel,-19.55,169.2667,27.06,78,40,2.06,VU,1698532331
122,bulgan,48.8125,103.5347,-4.79,73,97,2.21,MN,1698532331
123,howrah,22.5892,88.3103,23.0,83,20,1.54,IN,1698532332
124,al lagowa,11.4,29.1333,22.88,80,98,2.87,SD,1698532332
125,shiguai,40.7058,110.2856,6.94,38,7,1.21,CN,1698532332
126,am timan,11.0297,20.2827,25.71,65,95,2.72,TD,1698532332
127,stanley,54.868,-1.6985,9.29,93,75,3.6,GB,1698532280
128,ji'an,27.1172,114.9793,17.73,88,35,1.19,CN,1698532333
129,albany,42.6001,-73.9662,16.48,58,45,4.59,US,1698532063
130,kingston,17.997,-76.7936,29.53,66,20,3.6,JM,1698532334
131,harstad,68.799,16.5293,0.09,95,98,0.89,NO,1698532334
132,mogocha,53.7333,119.7667,-0.89,76,100,0.83,RU,1698532334
133,kiamba,5.9894,124.6242,27.06,79,99,0.54,PH,1698532335
134,puerto baquerizo moreno,-0.9,-89.6,26.55,74,75,6.69,EC,1698532335
135,ola,59.5833,151.2833,-1.04,67,95,2.74,RU,1698532335
136,urzhar,47.093,81.6294,7.63,88,100,2.02,KZ,1698532335
137,ambodifotatra,-16.9833,49.85,24.52,84,3,1.41,MG,1698532336
138,souillac,-20.5167,57.5167,21.21,94,20,1.54,MU,1698532336
139,burang,30.25,81.1667,1.13,60,41,1.27,CN,1698532336
140,sitka,57.0531,-135.33,8.94,66,100,3.09,US,1698532337
141,harrison,30.4091,-89.0436,27.09,70,40,5.14,US,1698532156
142,geraldton,-28.7667,114.6,15.23,72,1,7.2,AU,1698532337
143,tura,25.5198,90.2201,18.59,88,0,1.71,IN,1698532338
144,ndende,-2.4008,11.3581,23.82,89,25,0.74,GA,1698532338
145,knysna,-34.0363,23.0471,12.8,61,98,3.2,ZA,1698532338
146,port saint john's,-31.6229,29.5448,14.74,88,100,8.75,ZA,1698532339
147,porto novo,6.4965,2.6036,27.9,82,3,2.1,BJ,1698532339
148,neiafu,-18.65,-173.9833,28.38,65,40,6.17,TO,1698532339
149,iskateley,67.6803,53.1512,-12.21,90,100,3.58,RU,1698532340
150,acarau,-2.8856,-40.12,26.46,75,29,9.5,BR,1698532176
151,shimoda,34.6667,138.95,14.5,73,27,4.6,JP,1698532340
152,hacienda huancane,-15.8222,-70.8856,5.78,53,98,7.29,PE,1698532340
153,vorgashor,67.5833,63.95,-16.9,100,98,1.13,RU,1698532341
154,oranjemund,-28.55,16.4333,14.72,76,0,7.68,NA,1698532341
155,maun,-19.9833,23.4167,24.98,33,47,2.66,BW,1698532341
156,kangding,30.0513,101.9603,4.21,90,74,2.59,CN,1698532342
157,prado,-17.3411,-39.2208,25.0,86,99,5.87,BR,1698532342
158,lompoc,34.6391,-120.4579,23.34,65,0,9.83,US,1698532215
159,holualoa,19.6228,-155.9522,27.1,75,40,4.63,US,1698532342
160,yung shue wan,22.2333,114.1167,24.86,83,87,0.89,HK,1698532343
161,broken hill,-31.95,141.4333,23.7,19,70,8.93,AU,1698532343
162,hadibu,12.65,54.0333,25.57,81,96,3.1,YE,1698532343
163,kyenjojo,0.6328,30.6214,15.56,99,89,0.54,UG,1698532343
164,gadzhiyevo,69.2551,33.3362,-6.57,94,94,1.71,RU,1698532344
165,cockburn town,21.4612,-71.1419,27.98,69,40,6.17,TC,1698532138
166,merizo village,13.2658,144.6691,29.31,89,91,6.28,GU,1698532345
167,tangalle,6.024,80.7911,24.91,88,100,1.66,LK,1698532345
168,tineo,43.3376,-6.4145,9.79,96,100,1.43,ES,1698532345
169,port augusta,-32.5,137.7667,19.07,54,60,2.24,AU,1698532346
170,miresu mare,47.5,23.3333,11.2,69,80,1.69,RO,1698532346
171,selfoss,63.9331,-20.9971,0.02,71,99,2.26,IS,1698532346
172,udachny,66.4167,112.4,-20.12,100,57,3.22,RU,1698532347
173,edinburgh of the seven seas,-37.0676,-12.3116,12.93,87,65,11.86,SH,1698532347
174,pagar alam,-4.0167,103.2667,18.8,66,37,1.1,ID,1698532347
175,anadyr,64.75,177.4833,2.28,100,100,4.0,RU,1698532348
176,kapa'a,22.0752,-159.319,28.99,64,0,3.6,US,1698532348
177,afif,23.9065,42.9172,22.21,32,82,4.76,SA,1698532348
178,tofol,5.3248,163.0078,28.88,79,75,1.03,FM,1698532348
179,khandyga,62.6667,135.6,-14.23,91,81,1.83,RU,1698532349
180,baiyin,36.5583,104.2081,9.13,47,0,0.89,CN,1698532349
181,kapuskasing,49.4169,-82.4331,-0.95,74,75,2.57,CA,1698532261
182,chadron,42.8294,-102.9999,-4.18,68,100,1.54,US,1698532350
183,harper,4.375,-7.7169,25.47,89,6,3.19,LR,1698532350
184,vigan,17.5747,120.3869,25.26,81,23,2.23,PH,1698532350
185,kiruna,67.8557,20.2251,-18.49,85,100,3.09,SE,1698532351
186,tuy hoa,13.0833,109.3,24.77,92,97,1.27,VN,1698532351
187,qamdo,31.1667,97.2333,-6.32,53,0,0.9,CN,1698532351
188,susuman,62.7833,148.1667,-17.23,99,92,0.45,RU,1698532351
189,at-bashi,41.1702,75.8106,6.36,61,100,1.52,KG,1698532352
190,kununurra,-15.7667,128.7333,19.99,64,60,1.54,AU,1698532113
191,roma,43.2128,-75.4557,11.57,74,0,4.63,US,1698532352
192,tynda,55.1667,124.7167,-6.22,93,100,1.3,RU,1698532352
193,mhamid,29.82,-5.72,23.7,29,70,4.01,MA,1698532353
194,uturoa,-16.7333,-151.4333,26.39,76,98,5.58,PF,1698532353
195,konarka,19.9,86.1167,21.22,77,27,2.69,IN,1698532354
196,teapa,17.55,-92.95,27.03,84,43,1.92,MX,1698532355
197,zanjan,36.6736,48.4787,13.04,36,17,0.86,IR,1698532355
198,soio,-6.1349,12.3689,25.79,86,26,4.71,AO,1698532356
199,nabire,-3.3667,135.4833,25.69,86,100,0.63,ID,1698532356
200,winnemucca,40.973,-117.7357,6.03,31,0,3.67,US,1698532356
201,kargasok,59.0556,80.8572,-11.13,97,60,2.24,RU,1698532335
202,waingapu,-9.6567,120.2641,27.3,68,21,2.13,ID,1698532357
203,chibougamau,49.9168,-74.3659,-3.21,80,100,5.14,CA,1698532345
204,nova sintra,14.8667,-24.7167,23.52,76,37,7.65,CV,1698532358
205,kidal,18.4411,1.4078,28.51,11,28,3.02,ML,1698532358
206,abbeville,50.1,1.8333,15.14,83,97,10.23,FR,1698532358
207,inari,68.906,27.0288,-5.89,96,96,0.81,FI,1698532358
208,pisco,-13.7,-76.2167,22.03,73,20,6.69,PE,1698532359
209,la passe,45.5549,-0.8967,15.13,87,100,8.8,FR,1698532359
210,haiku-pauwela,20.9219,-156.3051,30.01,55,20,9.26,US,1698532359
211,qui nhon,13.7667,109.2333,24.97,89,98,2.28,VN,1698532360
212,horta,38.5333,-28.6333,16.68,71,100,2.24,PT,1698532360
213,cadale,2.7603,46.3222,26.94,77,91,1.98,SO,1698532361
214,jamestown,42.097,-79.2353,11.77,76,100,2.24,US,1698532358
215,crane,31.3974,-102.3501,25.59,52,18,9.72,US,1698532361
216,hinton,53.4001,-117.5857,1.75,65,97,1.92,CA,1698532361
217,wad az zaki,14.4619,32.2065,28.12,53,83,4.92,SD,1698532362
218,miri,4.4148,114.0089,25.08,94,20,0.0,MY,1698532362
219,suklayin,15.7574,121.5503,25.35,90,42,1.43,PH,1698532362
220,verkhov'ye,52.8119,37.2425,1.36,97,100,9.07,RU,1698532362
221,el alto,-4.2714,-81.2147,23.81,83,99,5.49,PE,1698532363
222,mancio lima,-7.6142,-72.8958,26.04,89,40,2.06,BR,1698532363
223,hajin,34.6927,40.827,25.16,32,33,1.5,SY,1698532363
224,kendari,-3.945,122.4989,25.55,76,39,1.18,ID,1698532364
225,musan-up,42.2261,129.2078,2.99,53,9,1.58,KP,1698532364
226,bubaque,11.2833,-15.8333,27.65,77,7,4.11,GW,1698532365
227,mao,39.8885,4.2658,20.31,68,0,5.14,ES,1698532365
228,torrington,41.8007,-73.1212,23.99,79,34,4.18,US,1698532243
229,balaipungut,1.05,101.2833,22.92,98,89,0.69,ID,1698532365
230,pimentel,-6.8367,-79.9342,24.16,64,0,9.26,PE,1698532366
231,queenstown,-31.8976,26.8753,6.55,81,100,4.32,ZA,1698532366
232,greenfield,42.9614,-88.0126,7.92,64,100,3.6,US,1698532155
233,letlhakeng,-24.0944,25.0298,21.43,41,11,5.05,BW,1698532366
234,sirjan,29.452,55.6814,15.66,54,6,3.35,IR,1698532367
235,saint-joseph,-21.3667,55.6167,22.21,86,17,3.62,RE,1698532367
236,corinto,37.9407,22.9573,19.94,78,86,2.34,GR,1698532367
237,soderhamn,61.3037,17.0592,-0.03,88,25,1.82,SE,1698532367
238,namibe,-15.1961,12.1522,21.56,80,75,1.26,AO,1698532368
239,belmonte,-15.8631,-38.8828,25.35,82,36,4.97,BR,1698532368
240,new norfolk,-42.7826,147.0587,14.4,48,100,2.35,AU,1698532368
241,ha giang,22.8333,104.9833,22.36,99,100,0.66,VN,1698532368
242,bol'sherech'ye,56.0925,74.6272,-7.49,89,32,2.81,RU,1698532368
243,ust-nera,64.5667,143.2,-17.51,98,98,1.04,RU,1698532369
244,mildura,-34.2,142.15,18.37,62,4,2.64,AU,1698532278
245,conde,-7.2597,-34.9075,25.7,78,40,2.57,BR,1698532228
246,maluso,6.543,121.8753,25.05,83,47,0.64,PH,1698532369
247,megarine,33.192,6.087,23.08,27,0,2.57,DZ,1698532370
248,grand falls-windsor,48.9332,-55.6649,11.95,94,100,0.45,CA,1698532244
249,colonia,50.9333,6.95,13.75,90,20,5.14,DE,1698532370
250,kupang,-10.1667,123.5833,25.32,88,20,1.03,ID,1698532370
251,antsiranana,-12.2787,49.2917,24.2,84,7,6.1,MG,1698532370
252,minab,27.1467,57.0801,27.19,66,1,0.37,IR,1698532371
253,wailua homesteads,22.0669,-159.378,28.24,64,0,3.6,US,1698532371
254,myeik,12.4333,98.6,25.76,88,88,1.58,MM,1698532371
255,margate,51.3813,1.3862,14.61,87,100,3.58,GB,1698532179
256,abadeh,31.1608,52.6506,12.88,41,91,1.27,IR,1698532372
257,libenge,3.65,18.6333,22.35,87,11,0.91,CD,1698532372
258,howard springs,-12.497,131.047,29.37,75,19,1.59,AU,1698532372
259,ugoofaaru,5.6667,73.0,27.74,77,100,2.26,MV,1698532372
260,codrington,-38.2667,141.9667,13.5,52,44,4.0,AU,1698532372
261,marica,-22.9194,-42.8186,27.95,89,96,4.63,BR,1698532373
262,horodnic de sus,47.8401,25.8235,11.24,84,43,2.32,RO,1698532373
263,betio village,1.358,172.9211,31.02,71,60,3.95,KI,1698532373
264,richards bay,-28.783,32.0377,17.17,85,100,7.19,ZA,1698532373
265,orchard homes,46.8633,-114.0484,2.38,63,0,2.57,US,1698532373
266,la'ie,21.6477,-157.9253,30.98,65,20,1.79,US,1698532374
267,lensk,60.7253,114.9278,-4.26,63,36,4.85,RU,1698532374
268,hirara,24.8,125.2833,22.15,68,12,3.6,JP,1698532374
269,vorkuta,67.5,64.0,-18.58,100,97,1.12,RU,1698532374
270,williston,48.147,-103.618,-4.42,68,58,1.34,US,1698532374
271,al kharijah,25.4514,30.5464,25.04,31,9,3.18,EG,1698532376
272,port elizabeth,-33.918,25.5701,12.16,63,0,3.09,ZA,1698532376
273,brevard,28.292,-80.7492,26.7,74,0,4.92,US,1698532099
274,changleng,28.7,115.8167,18.78,84,50,0.28,CN,1698532376
275,hasaki,35.7333,140.8333,14.22,62,43,8.12,JP,1698532377
276,mahalapye,-23.1041,26.8142,26.69,28,97,1.68,BW,1698532377
277,pariaman,-0.619,100.12,25.03,90,34,1.81,ID,1698532377
278,terrace,54.5163,-128.6035,6.79,45,20,0.0,CA,1698532377
279,valparaiso,-33.0393,-71.6273,17.22,72,100,3.6,CL,1698532289
280,tazovsky,67.4667,78.7,-14.33,91,51,4.28,RU,1698532378
281,fale old settlement,-9.3852,-171.2468,28.77,73,32,4.56,TK,1698532378
282,kamina,-8.7386,24.9906,17.07,95,95,1.49,CD,1698532378
283,hithadhoo,-0.6,73.0833,27.16,81,32,7.88,MV,1698532378
284,san patricio,28.017,-97.5169,31.41,67,38,6.37,US,1698532378
285,fonte boa,-2.4959,-66.2662,27.23,77,100,1.04,BR,1698532379
286,carnarvon,-24.8667,113.6333,19.76,64,1,11.03,AU,1698532380
287,ulladulla,-35.35,150.4667,22.38,30,1,1.23,AU,1698532380
288,candon,17.1947,120.4517,25.58,83,17,1.41,PH,1698532380
289,touros,-5.1989,-35.4608,25.73,73,59,7.02,BR,1698532380
290,fernley,39.608,-119.2518,10.71,28,0,3.13,US,1698532381
291,college,64.8569,-147.8028,-2.83,83,75,0.45,US,1698532381
292,ribeira brava,32.65,-17.0667,21.11,68,66,3.42,PT,1698532381
293,port macquarie,-31.4333,152.9167,21.05,58,45,2.43,AU,1698532272
294,dambatta,12.433,8.5154,21.06,19,13,3.3,NG,1698532381
295,laminusa,5.5549,120.9136,27.86,72,41,0.83,PH,1698532382
296,pilsen,49.7475,13.3776,10.14,99,100,0.51,CZ,1698532382
297,mitu,1.1983,-70.1733,25.74,84,91,0.46,CO,1698532383
298,agnita,45.9667,24.6167,6.84,71,2,1.44,RO,1698532383
299,illizi,26.4833,8.4667,26.89,20,15,1.59,DZ,1698532383
300,constantia,44.1833,28.65,17.61,53,60,2.31,RO,1698532384
301,freeport,40.6576,-73.5832,26.1,68,0,4.12,US,1698532361
302,lugovoy,42.9472,72.7644,15.72,52,100,4.77,KZ,1698532384
303,happy valley-goose bay,53.3168,-60.3315,3.17,100,100,4.63,CA,1698532385
304,kodiak,57.79,-152.4072,6.73,100,100,4.63,US,1698532385
305,vidyayevo,69.3191,32.8049,-7.06,93,80,1.19,RU,1698532385
306,tabalah,19.95,42.4,21.58,47,92,3.6,SA,1698532386
307,mount gambier,-37.8333,140.7667,10.25,69,31,2.65,AU,1698532134
308,carutapera,-1.195,-46.02,26.94,78,12,5.48,BR,1698532386
309,murzuq,25.9155,13.9184,24.19,23,0,3.6,LY,1698532387
310,arkhangel'sk,64.5401,40.5433,-4.37,81,100,3.26,RU,1698532387
311,leones,-32.6617,-62.2968,24.47,49,0,4.14,AR,1698532387
312,utrik,11.2278,169.8474,28.39,75,80,8.15,MH,1698532387
313,tchibanga,-2.85,11.0333,22.81,96,10,0.93,GA,1698532388
314,bardai,11.65,7.2333,23.5,26,0,2.25,NG,1698532388
315,vilyuchinsk,52.9306,158.4028,3.85,67,100,1.59,RU,1698532388
316,fukuecho,32.6881,128.8419,18.68,63,20,5.94,JP,1698532389
317,mejit,10.2753,170.8646,28.45,75,45,8.37,MH,1698532390
318,revelstoke,50.9832,-118.2023,5.01,38,20,1.54,CA,1698532390
319,tralee,52.2704,-9.7026,9.13,90,100,1.39,IE,1698532391
320,pointe-noire,-4.7761,11.8635,26.18,87,17,2.02,CG,1698532391
321,erenhot,43.6475,111.9767,8.66,35,42,4.59,CN,1698532391
322,bol,13.4586,14.7147,28.65,45,10,4.5,TD,1698532391
323,papao,-17.75,-149.55,28.82,75,80,4.19,PF,1698532392
324,chiredzi,-21.05,31.6667,24.77,54,0,3.38,ZW,1698532392
325,dunedin,-45.8742,170.5036,12.11,70,86,1.34,NZ,1698532209
326,pemba,-12.974,40.5178,26.39,94,40,3.6,MZ,1698532393
327,angaur state,6.906,134.13,27.81,71,100,1.34,PW,1698532393
328,hameenlinna,60.996,24.4643,-4.05,84,13,1.46,FI,1698532393
329,sungai penuh,-2.0833,101.3833,17.4,89,25,1.7,ID,1698532393
330,phuthaditjhaba,-28.5242,28.8158,9.51,94,100,3.57,ZA,1698532394
331,adam,22.3756,57.5233,25.22,57,71,3.07,OM,1698532394
332,yangju,37.8331,127.0617,7.63,76,0,1.15,KR,1698532394
333,dzhetygara,52.1908,61.2006,-0.21,99,100,2.3,KZ,1698532395
334,karak city,31.1637,35.762,19.25,62,99,4.46,JO,1698532395
335,santo antonio,-6.3106,-35.4789,24.18,72,9,3.8,BR,1698532395
336,nouadhibou,20.931,-17.0347,21.99,78,0,6.17,MR,1698532396
337,moree,-29.4667,149.85,21.36,35,0,5.31,AU,1698532396
338,acapulco de juarez,16.8634,-99.8901,28.8,78,100,3.69,MX,1698532121
339,argo,37.6333,22.7333,19.32,73,99,1.94,GR,1698532397
340,kavaratti,10.5669,72.642,28.3,73,50,2.19,IN,1698532397
341,middlebury (village),44.0153,-73.1673,14.05,65,40,3.6,US,1698532398
342,kalmunai,7.4167,81.8167,25.26,86,74,1.27,LK,1698532398
343,hilo,19.7297,-155.09,28.85,71,0,4.12,US,1698532152
344,coquimbo,-29.9533,-71.3436,17.85,55,0,5.66,CL,1698532284
345,molina,-35.1167,-71.2833,11.87,81,100,7.72,CL,1698532399
346,aldinga beach,-35.2793,138.4604,15.81,54,7,2.04,AU,1698532399
347,west bay,19.3667,-81.4167,29.04,68,40,7.2,KY,1698532400
348,luis correia,-2.8792,-41.6669,28.0,69,0,10.8,BR,1698532400
349,pathein,16.7833,94.7333,23.75,93,66,1.38,MM,1698532401
350,tanda,26.55,82.65,20.79,51,94,0.3,IN,1698532401
351,steinbach,50.1667,8.5667,12.32,91,100,3.09,DE,1698532401
352,ulaangom,49.9811,92.0667,-4.93,64,19,0.83,MN,1698532401
353,okeho,8.0333,3.35,23.26,88,13,1.81,NG,1698532402
354,sinnar,13.5691,33.5672,25.44,76,84,5.45,SD,1698532402
355,tannum sands,-23.9504,151.3693,25.42,53,23,5.66,AU,1698532405
356,nuuk,64.1835,-51.7216,-2.66,68,75,8.23,GL,1698532405
357,sosnovo-ozerskoye,52.5249,111.5418,-8.38,47,0,6.1,RU,1698532406
358,moultrie,31.1799,-83.7891,26.87,57,0,2.06,US,1698532406
359,portland,45.5234,-122.6762,14.2,39,0,4.63,US,1698532327
360,emerald,-23.5333,148.1667,22.41,53,26,5.84,AU,1698532407
361,buala,-8.145,159.5921,28.96,73,93,2.07,SB,1698532407
362,norderney,53.7,7.15,9.99,91,100,9.62,DE,1698532407
363,novaya igirma,57.1334,103.9112,-6.12,58,76,3.72,RU,1698532408
364,bau,7.4053,124.6497,25.1,88,79,0.52,PH,1698532408
365,kosmach,48.7509,24.3673,10.31,73,27,3.38,UA,1698532408
366,mount isa,-20.7333,139.5,27.87,11,19,2.57,AU,1698532409
367,frontera,26.9333,-101.45,30.5,48,20,1.34,MX,1698532409
368,hammerfest,70.6634,23.6821,-0.75,80,75,2.06,NO,1698532409
369,khadyzhensk,44.4256,39.5319,17.46,79,23,3.54,RU,1698532410
370,tankara,22.6667,70.7333,25.87,41,0,2.01,IN,1698532410
371,mbanza-ngungu,-5.25,14.8667,21.79,89,67,1.18,CD,1698532411
372,puerto carreno,6.189,-67.4859,32.99,62,20,3.6,CO,1698532290
373,napier,-39.4833,176.9167,11.85,60,96,2.86,NZ,1698532411
374,sisimiut,66.9395,-53.6735,-4.94,78,97,5.31,GL,1698532412
375,saipan,15.1355,145.701,29.39,84,40,4.12,MP,1698532412
376,lengshuijiang,27.6881,111.4294,16.79,89,36,0.57,CN,1698532412
377,mugia,43.1041,-9.2179,16.62,78,100,12.57,ES,1698532413
378,borogontsy,62.6683,131.1683,-5.96,88,100,4.16,RU,1698532413
379,chachapoyas,-6.2317,-77.869,14.7,92,100,1.25,PE,1698532413
380,saint-philippe,-21.3585,55.7679,22.77,89,33,3.6,RE,1698532414
381,barra do corda,-5.5,-45.25,32.65,29,38,0.9,BR,1698532415
382,sinjar,36.3209,41.8754,21.52,40,0,1.13,IQ,1698532415
383,lianhe,47.1333,129.2667,1.61,56,9,0.59,CN,1698532415
384,pindushi,62.9152,34.58,-3.36,91,92,1.5,RU,1698532416
385,ar ruways,24.1103,52.7306,26.63,51,2,1.08,AE,1698532416
386,zalaegerszeg,46.84,16.8439,8.77,90,2,3.12,HU,1698532418
387,valjevo,44.2751,19.8982,13.77,70,68,2.02,RS,1698532418
388,kolbuszowa,50.2441,21.7761,10.21,84,84,2.95,PL,1698532418
389,east ballina,-28.8667,153.5833,16.0,62,94,1.51,AU,1698532418
390,fortuna,40.5982,-124.1573,16.63,65,0,5.14,US,1698532419
391,huancabamba,-5.2386,-79.4506,15.4,98,100,2.03,PE,1698532419
392,newman,37.3138,-121.0208,20.13,23,0,6.71,US,1698532420
393,murun-kuren,49.6342,100.1625,-5.35,45,15,0.84,MN,1698532421
394,nikolayevsk-on-amure,53.1406,140.73,-0.78,76,44,2.34,RU,1698532421
395,yarmouth,41.7057,-70.2286,21.65,83,0,3.58,US,1698532395
396,francisco beltrao,-26.0811,-53.055,18.86,99,100,1.4,BR,1698532422
397,tsiombe,-25.3,45.4833,23.2,77,0,1.97,MG,1698532422
398,nova vicosa,-17.8919,-39.3719,25.12,84,99,5.97,BR,1698532422
399,nyurba,63.2842,118.3319,-12.15,93,58,2.94,RU,1698532423
400,itapecuru mirim,-3.3925,-44.3586,26.94,77,27,4.14,BR,1698532423
401,filey,54.21,-0.2892,12.66,93,100,3.13,GB,1698532423
402,bandarbeyla,9.4942,50.8122,25.99,80,95,5.67,SO,1698532424
403,tionk essil,12.7856,-16.5217,27.03,71,16,2.24,SN,1698532424
404,sechura,-5.5569,-80.8222,22.93,70,70,7.86,PE,1698532424
405,an nuhud,12.7,28.4333,25.79,67,37,4.41,SD,1698532425
406,tabou,4.423,-7.3528,25.54,88,2,2.96,CI,1698532425
407,uthal,25.8072,66.6219,25.36,73,1,0.58,PK,1698532425
408,bang rakam,16.7585,100.1174,25.0,100,0,0.51,TH,1698532426
409,kadoma,34.7333,135.5833,15.99,61,20,3.09,JP,1698532426
410,nogliki,51.8333,143.1667,-0.92,79,44,3.13,RU,1698532409
411,taoudenni,22.6783,-3.9836,32.39,11,0,2.79,ML,1698532426
412,rafsanjan,30.4067,55.9939,18.97,32,76,1.1,IR,1698532427
413,cherepovets,59.1333,37.9,-1.79,94,100,2.1,RU,1698532427
414,ceelbuur,4.685,46.6176,25.58,80,75,2.29,SO,1698532427
415,amga,60.8953,131.9608,-7.27,90,100,1.92,RU,1698532427
416,rimus,16.8764,120.3966,26.3,80,13,1.38,PH,1698532428
417,sao joao da barra,-21.6403,-41.0511,25.05,86,96,9.85,BR,1698532428
418,kiknur,57.3034,47.2011,0.37,95,100,5.96,RU,1698532428
419,penukonda,14.0833,77.5833,21.48,87,44,1.47,IN,1698532428
420,iquique,-20.2208,-70.1431,19.02,83,71,1.81,CL,1698532288
421,bangaon,23.0667,88.8167,21.45,60,0,2.16,IN,1698532429
422,ouesso,1.6136,16.0517,24.65,77,100,0.88,CG,1698532429
423,kailua-kona,19.6406,-155.9956,29.17,75,40,4.63,US,1698532197
424,barcelos,41.5388,-8.6151,17.08,93,100,8.89,PT,1698532429
425,aberdeen,57.1437,-2.0981,10.27,95,100,7.72,GB,1698532275
426,petropavlovsk-kamchatsky,53.0452,158.6483,3.03,59,0,5.0,RU,1698532430
427,southside,33.9245,-86.0225,27.06,57,20,1.41,US,1698532430
428,moussoro,13.6408,16.4901,30.45,15,2,4.45,TD,1698532430
429,magong,23.5654,119.5863,24.76,76,73,10.81,TW,1698532430
430,usogorsk,63.4106,48.6872,-3.52,83,100,4.01,RU,1698532431
431,marquette,46.5333,-87.6335,3.23,72,100,3.13,US,1698532307
432,alofi,-19.0595,-169.9187,26.94,65,36,6.17,NU,1698532431
433,moyynkum,44.2914,72.9469,15.49,55,100,2.75,KZ,1698532431
434,patacamaya,-17.2333,-67.9167,14.19,17,89,8.53,BO,1698532431
435,sovetskaya gavan',48.9723,140.2878,0.61,56,9,1.47,RU,1698532431
436,val-des-monts,45.6501,-75.666,9.45,71,40,4.12,CA,1698532432
437,pangkalpinang,-2.1333,106.1333,25.97,82,85,2.68,ID,1698532432
438,vadso,70.0744,29.7487,-1.91,86,100,2.06,NO,1698532432
439,timmins,48.4669,-81.3331,-0.1,64,75,2.06,CA,1698532432
440,filadelfia,39.9523,-75.1638,25.54,68,13,2.06,US,1698532433
441,stanthorpe,-28.6667,151.95,18.71,41,5,1.67,AU,1698532433
442,bambari,5.768,20.6757,21.91,95,86,1.02,CF,1698532433
443,los frentones,-26.4077,-61.4137,26.48,70,41,3.19,AR,1698532433
444,bangolo,7.0069,-7.475,23.24,86,53,0.77,CI,1698532433
445,nizhneudinsk,54.9076,99.0276,-4.22,48,99,1.85,RU,1698532434
446,mirto,38.0847,14.7515,18.44,85,13,1.48,IT,1698532434
447,severo-yeniseyskiy,60.3725,93.0408,-9.12,81,100,7.15,RU,1698532434
448,dapa,9.7594,126.0531,27.24,78,51,1.96,PH,1698532434
449,waseca,44.0777,-93.5074,-0.06,85,75,4.12,US,1698532435
450,gaiman,-43.2897,-65.4929,16.11,23,49,12.87,AR,1698532435
451,itamarandiba,-17.8572,-42.8589,20.65,91,100,1.44,BR,1698532137
452,oroqen zizhiqi,50.5667,123.7167,0.03,65,100,0.65,CN,1698532435
453,alvaraes,-3.2208,-64.8042,31.93,53,99,1.08,BR,1698532435
454,verkhovazh'ye,60.7472,42.0465,-3.25,92,99,2.52,RU,1698532436
455,sao vicente,-23.9631,-46.3919,30.15,78,100,2.24,BR,1698532255
456,karachi,24.9056,67.0822,21.9,56,0,1.54,PK,1698532436
457,arteche,12.2645,125.4048,27.46,83,75,2.82,PH,1698532436
458,yuzhno-kurilsk,44.0306,145.8556,11.32,87,86,2.35,RU,1698532436
459,puerto penasco,31.3167,-113.5333,24.95,70,0,3.43,MX,1698532437
460,gaspe,48.8334,-64.4819,13.95,71,40,8.75,CA,1698532344
461,colares,38.7992,-9.4469,20.42,88,83,8.05,PT,1698532437
462,sangmelima,2.9333,11.9833,21.78,85,97,0.53,CM,1698532437
463,island harbour,50.724,-1.2758,12.31,93,93,0.89,GB,1698532437
464,khorixas,-20.3667,14.9667,18.89,28,0,0.55,NA,1698532438
465,dubbo,-32.25,148.6167,17.07,55,1,4.12,AU,1698532438
466,diamantino,-14.4086,-56.4461,27.72,61,56,2.23,BR,1698532237
467,kenai,60.5544,-151.2583,2.86,83,0,5.14,US,1698532438
468,salinopolis,-0.6136,-47.3561,28.07,77,16,7.15,BR,1698532439
469,palanga,55.9175,21.0686,0.01,93,75,1.54,LT,1698532439
470,corumba,-19.0092,-57.6533,33.07,41,83,3.17,BR,1698532439
471,tidjikja,18.5564,-11.4271,29.52,12,0,3.01,MR,1698532439
472,sparti,37.0733,22.4297,19.97,84,100,1.95,GR,1698532440
473,bodo,67.28,14.405,0.02,94,75,5.14,NO,1698532440
474,mujiayingzi,42.1167,118.7833,9.2,59,5,3.36,CN,1698532440
475,mili,6.0815,171.735,28.62,74,73,6.59,MH,1698532440
476,malanje,-9.5402,16.341,18.43,88,99,0.87,AO,1698532441
477,klaksvik,62.2266,-6.589,7.51,78,99,11.52,FO,1698532441
478,keelakarai,9.2333,78.7833,27.15,79,97,2.9,IN,1698532441
479,worland,44.0169,-107.9554,-1.85,69,20,1.54,US,1698532207
480,douentza,14.9951,-2.9517,28.59,19,11,1.73,ML,1698532441
481,lop buri,14.7981,100.654,27.25,99,84,1.11,TH,1698532442
482,beyneu,45.3167,55.2,17.96,53,100,2.75,KZ,1698532442
483,yulinshi,38.2906,109.7494,11.27,35,3,2.26,CN,1698532443
484,basco,20.4487,121.9702,26.03,79,20,6.56,PH,1698532443
485,nizhniy kuranakh,58.8353,125.4869,-4.4,95,100,3.57,RU,1698532443
486,gurupi,-11.7292,-49.0686,31.1,39,85,2.63,BR,1698532444
487,mariakani,-3.8633,39.4736,26.05,96,100,1.79,KE,1698532444
488,egilsstadir,65.2653,-14.3948,0.95,93,75,2.57,IS,1698532444
489,fada,9.5667,8.3,22.29,74,4,1.2,NG,1698532445
490,ararat,39.8317,44.7049,12.19,47,80,0.92,AM,1698532446
491,callao,-12.0667,-77.15,21.16,73,40,4.12,PE,1698532446
492,kavieng,-2.5744,150.7967,28.48,79,11,6.93,PG,1698532446
493,waterville,44.552,-69.6317,21.47,60,75,4.63,US,1698532447
494,katsuren-haebaru,26.3369,127.8719,22.01,78,75,3.09,JP,1698532447
495,xiazhen,34.8022,117.1117,15.57,58,0,2.6,CN,1698532447
496,jieshi,22.8134,115.8257,22.78,80,86,6.91,CN,1698532448
497,afaahiti,-17.75,-149.2833,27.93,76,89,3.27,PF,1698532448
498,coahuayana de hidalgo,18.7,-103.6583,28.73,76,85,2.02,MX,1698532449
499,kasane,-17.8167,25.15,25.16,20,77,0.47,BW,1698532449
500,polyarnyy,69.1989,33.4478,-6.34,93,96,1.59,RU,1698532449
501,butte,39.6499,-121.5677,19.45,22,0,5.66,US,1698532450
502,dame-marie,18.5667,-74.4167,26.83,77,14,5.29,HT,1698532450
503,varadero,23.1536,-81.2514,26.42,71,10,7.22,CU,1698532451
504,ciudad acuna,29.3232,-100.9522,29.16,52,0,4.12,MX,1698532451
505,saint-pierre,-21.3393,55.4781,22.82,73,0,0.51,RE,1698532451
506,guerrero negro,27.9769,-114.0611,20.87,64,0,8.12,MX,1698532451
507,al wafrah,28.6392,47.9306,21.37,31,46,1.83,KW,1698532452
508,huanren,41.2647,125.3667,4.37,63,3,1.22,CN,1698532187
509,tromso,69.6496,18.957,-3.99,86,79,1.03,NO,1698532452
510,beau vallon,-20.4189,57.6953,22.9,94,20,1.54,MU,1698532452
511,kristiansund,63.1115,7.732,-0.97,74,8,0.51,NO,1698532453
512,idri,27.5,13.2667,24.64,20,0,4.02,LY,1698532453
513,east london,-33.0153,27.9116,13.93,64,100,7.84,ZA,1698532211
514,ponta delgada,37.7333,-25.6667,17.88,67,20,3.09,PT,1698532454
515,taco pozo,-25.6167,-63.2833,29.6,30,0,2.25,AR,1698532455
516,waddan,29.1614,16.139,22.9,26,10,2.55,LY,1698532456
517,eyl,7.9803,49.8164,26.06,79,76,5.78,SO,1698532457
518,chania,35.5122,24.0156,19.78,94,40,1.54,GR,1698532457
519,pontianak,-0.0333,109.3333,23.99,100,40,1.03,ID,1698532457
520,sabang,5.8933,95.3214,26.91,78,55,0.85,ID,1698532458
521,termas de rio hondo,-27.4998,-64.8604,27.06,46,8,1.74,AR,1698532459
522,antalaha,-14.9003,50.2788,21.92,90,26,2.16,MG,1698532459
523,pangoa,-12.1167,-73.0,22.12,97,100,0.84,PE,1698532459
524,koz'modem'yansk,56.3367,46.5711,-0.77,97,100,5.91,RU,1698532459
525,nurillo,26.267,-98.1214,32.86,51,40,8.23,US,1698532460
526,gamba,-2.65,10.0,25.52,90,5,1.62,GA,1698532461
527,prince rupert,54.3161,-130.3201,7.83,69,0,2.06,CA,1698532461
528,flying fish cove,-10.4217,105.6791,24.82,88,100,3.6,CX,1698532461
529,necochea,-38.5473,-58.7368,20.4,55,13,4.53,AR,1698532206
530,mula,38.0409,-1.4901,14.92,58,0,1.31,ES,1698532462
531,sundargarh,22.1167,84.0333,17.96,68,1,1.55,IN,1698532462
532,la foa,-21.7108,165.8276,22.08,66,85,5.2,NC,1698532463
533,kayangel,8.0823,134.7173,26.89,76,99,1.9,PW,1698532463
534,guajara mirim,-10.7828,-65.3394,27.86,65,58,1.57,BR,1698532463
535,waat,51.1454,6.4958,14.04,95,100,4.12,DE,1698532464
536,norman gardens,-23.3224,150.5393,21.29,56,7,5.66,AU,1698532464
537,buka,40.8108,69.1986,19.29,38,100,0.31,UZ,1698532464
538,beipiao,41.7919,120.7792,7.4,66,6,2.1,CN,1698532465
539,ghadamis,30.1337,9.5007,24.98,22,72,4.35,LY,1698532465
540,progreso,21.2833,-89.6667,31.06,78,7,8.22,MX,1698532465
541,lamballe,48.4676,-2.5144,12.06,84,23,2.24,FR,1698532466
542,puerto deseado,-47.7503,-65.8938,14.01,22,83,11.64,AR,1698532466
543,nchelenge,-9.3451,28.734,22.34,79,24,1.11,ZM,1698532466
544,platteville,42.7342,-90.4785,4.02,69,100,4.12,US,1698532467
545,sinabang,2.4803,96.3801,25.53,86,69,0.24,ID,1698532467
546,syktyvkar,61.6764,50.8099,-4.15,73,0,4.02,RU,1698532467
547,villa regina,-39.1,-67.0667,16.95,40,62,14.05,AR,1698532467
548,zinjibar,13.1287,45.3807,27.85,70,58,6.48,YE,1698532468
549,kilindoni,-7.9139,39.6668,26.23,81,86,4.76,TZ,1698532468
550,northam,51.0333,-4.2167,10.92,94,68,5.67,GB,1698532468
551,rio claro,-22.4114,-47.5614,25.78,50,89,2.38,BR,1698532469
552,aguas vermelhas,-15.7472,-41.46,24.07,62,76,1.8,BR,1698532187
553,utete,-7.986,38.758,22.91,97,69,1.2,TZ,1698532469
554,kutum,14.2,24.6667,24.08,24,52,2.94,SD,1698532469
555,dali,25.7,100.1833,9.49,81,18,0.51,CN,1698532470
556,batyrevo,55.0675,47.6111,1.31,99,100,5.9,RU,1698532470
557,kharkhorin,47.1975,102.8238,-2.22,80,100,2.49,MN,1698532470
558,faya-largeau,17.9257,19.1043,27.0,15,13,5.65,TD,1698532471
559,alo,7.4178,6.7371,26.0,85,87,1.51,NG,1698532472
560,brookings,44.3114,-96.7984,-2.71,86,100,3.09,US,1698532473
561,jiayuguan,39.8167,98.3,8.76,32,99,0.81,CN,1698532473
562,smithers,54.7804,-127.1743,3.18,41,0,1.03,CA,1698532473
563,sona,45.4388,10.8255,12.75,87,0,2.06,IT,1698532474
564,daru,-9.0763,143.2092,24.87,94,100,6.18,PG,1698532474
565,qingdao,36.0986,120.3719,11.78,100,0,1.0,CN,1698532474
566,ataq,14.5377,46.8319,21.48,73,53,2.95,YE,1698532475
567,inirida,3.8653,-67.9239,27.48,78,97,0.22,CO,1698532475
568,eduardo castex,-35.915,-64.2945,19.73,76,81,2.5,AR,1698532475
569,ottawa,45.4112,-75.6981,9.99,65,40,5.14,CA,1698532244
570,devon,50.75,-3.75,9.83,95,76,3.78,GB,1698532476
571,guaruja,-23.9931,-46.2564,27.13,78,100,2.24,BR,1698532476
572,fort lupton,40.0847,-104.813,-0.73,87,100,1.34,US,1698532477
573,champoton,19.35,-90.7167,27.98,74,10,5.5,MX,1698532477
574,tenenkou,14.4572,-4.9169,30.68,19,2,3.88,ML,1698532478
575,weno,7.4515,151.8468,28.97,84,100,1.54,FM,1698532478
576,at taj,24.2049,23.2857,22.17,35,37,4.73,LY,1698532478
